stu_id,exer_id,cpt_seq,label
56,3,3,0.0
56,2,2,1.0
56,0,0,0.0
102,1,1,0.0
102,2,2,0.0
102,3,3,0.0
108,1,1,0.0
108,4,4,1.0
108,2,2,0.0
534,4,4,1.0
534,0,0,1.0
534,3,3,1.0
118,4,4,0.0
118,1,1,0.0
118,0,0,1.0
676,3,3,1.0
676,4,4,0.0
676,0,0,1.0
400,1,1,1.0
400,4,4,1.0
400,0,0,1.0
149,3,3,1.0
149,0,0,1.0
149,4,4,1.0
664,0,0,1.0
664,1,1,1.0
664,2,2,1.0
234,4,4,1.0
234,1,1,0.0
234,2,2,1.0
704,3,3,1.0
704,2,2,1.0
704,1,1,1.0
657,4,4,1.0
657,3,3,0.0
657,1,1,1.0
548,3,3,1.0
548,1,1,1.0
548,0,0,1.0
497,0,0,1.0
497,2,2,0.0
497,3,3,1.0
54,4,4,1.0
54,0,0,0.0
54,1,1,1.0
568,3,3,1.0
568,1,1,1.0
568,4,4,1.0
881,1,1,1.0
881,3,3,1.0
881,2,2,1.0
72,4,4,1.0
72,3,3,1.0
72,2,2,1.0
267,4,4,1.0
267,3,3,1.0
267,1,1,0.0
66,4,4,1.0
66,0,0,0.0
66,3,3,1.0
407,0,0,1.0
407,1,1,1.0
407,3,3,0.0
651,3,3,0.0
651,1,1,1.0
651,2,2,1.0
815,0,0,1.0
815,2,2,1.0
815,3,3,1.0
60,2,2,1.0
60,4,4,0.0
60,1,1,1.0
474,4,4,1.0
474,0,0,1.0
474,1,1,1.0
484,3,3,1.0
484,1,1,1.0
484,4,4,1.0
771,4,4,1.0
771,2,2,1.0
771,1,1,1.0
556,3,3,1.0
556,1,1,1.0
556,0,0,1.0
828,3,3,1.0
828,4,4,1.0
828,1,1,1.0
938,1,1,1.0
938,2,2,1.0
938,3,3,1.0
117,0,0,1.0
117,4,4,0.0
117,2,2,0.0
897,4,4,1.0
897,1,1,1.0
897,2,2,1.0
889,4,4,1.0
889,3,3,1.0
889,0,0,1.0
129,2,2,0.0
129,1,1,0.0
129,3,3,1.0
922,4,4,1.0
922,2,2,1.0
922,1,1,1.0
180,4,4,1.0
180,3,3,1.0
180,1,1,0.0
16,0,0,0.0
16,1,1,0.0
16,3,3,1.0
734,2,2,1.0
734,3,3,1.0
734,0,0,1.0
576,4,4,1.0
576,0,0,1.0
576,2,2,0.0
79,0,0,1.0
79,1,1,0.0
79,2,2,0.0
269,2,2,1.0
269,1,1,0.0
269,3,3,1.0
799,4,4,1.0
799,0,0,1.0
799,1,1,1.0
852,0,0,1.0
852,1,1,1.0
852,2,2,1.0
569,0,0,1.0
569,2,2,0.0
569,4,4,1.0
287,3,3,1.0
287,4,4,1.0
287,1,1,0.0
97,2,2,0.0
97,1,1,0.0
97,3,3,0.0
616,1,1,1.0
616,3,3,0.0
616,2,2,1.0
679,0,0,1.0
679,3,3,1.0
679,4,4,0.0
571,3,3,1.0
571,4,4,1.0
571,1,1,1.0
816,1,1,1.0
816,0,0,1.0
816,2,2,1.0
731,0,0,1.0
731,2,2,1.0
731,4,4,1.0
332,3,3,1.0
332,0,0,1.0
332,4,4,1.0
851,3,3,1.0
851,4,4,1.0
851,2,2,1.0
719,0,0,1.0
719,2,2,1.0
719,1,1,1.0
367,3,3,0.0
367,4,4,1.0
367,0,0,1.0
42,4,4,1.0
42,0,0,0.0
42,1,1,1.0
365,3,3,0.0
365,0,0,1.0
365,1,1,1.0
341,3,3,0.0
341,1,1,1.0
341,4,4,0.0
34,0,0,0.0
34,1,1,1.0
34,3,3,0.0
279,0,0,1.0
279,4,4,1.0
279,2,2,1.0
787,1,1,1.0
787,2,2,1.0
787,3,3,1.0
18,1,1,0.0
18,4,4,1.0
18,2,2,0.0
903,2,2,1.0
903,4,4,1.0
903,3,3,1.0
916,3,3,1.0
916,4,4,1.0
916,1,1,1.0
327,0,0,1.0
327,1,1,0.0
327,4,4,1.0
846,4,4,1.0
846,1,1,1.0
846,0,0,1.0
199,4,4,1.0
199,2,2,0.0
199,0,0,1.0
756,1,1,1.0
756,0,0,1.0
756,4,4,1.0
716,0,0,1.0
716,4,4,1.0
716,1,1,1.0
210,3,3,0.0
210,1,1,0.0
210,0,0,1.0
13,3,3,1.0
13,0,0,0.0
13,2,2,0.0
838,2,2,1.0
838,1,1,1.0
838,4,4,1.0
992,4,4,1.0
992,3,3,1.0
992,0,0,1.0
107,1,1,0.0
107,3,3,0.0
107,2,2,0.0
634,4,4,1.0
634,0,0,1.0
634,3,3,0.0
453,3,3,1.0
453,2,2,0.0
453,4,4,1.0
632,3,3,0.0
632,2,2,1.0
632,1,1,1.0
551,2,2,0.0
551,1,1,1.0
551,4,4,1.0
271,3,3,1.0
271,0,0,1.0
271,2,2,1.0
587,4,4,1.0
587,0,0,1.0
587,2,2,0.0
711,4,4,1.0
711,2,2,1.0
711,3,3,1.0
757,1,1,1.0
757,0,0,1.0
757,3,3,1.0
880,3,3,1.0
880,2,2,1.0
880,1,1,1.0
795,3,3,1.0
795,1,1,1.0
795,0,0,1.0
314,4,4,1.0
314,2,2,1.0
314,3,3,1.0
147,1,1,0.0
147,0,0,1.0
147,2,2,0.0
449,4,4,1.0
449,1,1,1.0
449,2,2,0.0
382,4,4,1.0
382,0,0,1.0
382,1,1,1.0
138,4,4,1.0
138,2,2,0.0
138,3,3,1.0
196,4,4,1.0
196,2,2,0.0
196,1,1,0.0
800,1,1,1.0
800,3,3,1.0
800,4,4,1.0
909,4,4,1.0
909,0,0,1.0
909,1,1,1.0
917,4,4,1.0
917,1,1,1.0
917,3,3,1.0
99,3,3,0.0
99,0,0,1.0
99,4,4,1.0
399,4,4,1.0
399,1,1,1.0
399,2,2,0.0
884,1,1,1.0
884,2,2,1.0
884,3,3,1.0
416,1,1,1.0
416,0,0,1.0
416,2,2,0.0
464,2,2,0.0
464,1,1,1.0
464,3,3,1.0
774,2,2,1.0
774,0,0,1.0
774,4,4,1.0
733,4,4,1.0
733,3,3,1.0
733,0,0,1.0
154,2,2,0.0
154,1,1,0.0
154,0,0,1.0
643,3,3,0.0
643,1,1,1.0
643,4,4,1.0
245,1,1,0.0
245,4,4,0.0
245,2,2,1.0
376,0,0,1.0
376,3,3,0.0
376,4,4,1.0
713,1,1,1.0
713,4,4,1.0
713,0,0,1.0
140,1,1,0.0
140,2,2,0.0
140,3,3,1.0
78,3,3,0.0
78,2,2,0.0
78,4,4,0.0
425,3,3,1.0
425,2,2,0.0
425,4,4,0.0
336,2,2,0.0
336,1,1,1.0
336,0,0,1.0
969,1,1,1.0
969,2,2,1.0
969,4,4,1.0
735,3,3,1.0
735,1,1,1.0
735,0,0,1.0
494,2,2,0.0
494,3,3,1.0
494,4,4,1.0
746,2,2,1.0
746,3,3,1.0
746,1,1,1.0
377,0,0,1.0
377,1,1,1.0
377,4,4,1.0
386,4,4,1.0
386,2,2,0.0
386,1,1,1.0
528,4,4,1.0
528,0,0,1.0
528,2,2,0.0
609,0,0,1.0
609,3,3,0.0
609,1,1,1.0
555,0,0,1.0
555,2,2,0.0
555,1,1,1.0
340,1,1,1.0
340,3,3,0.0
340,2,2,0.0
683,0,0,1.0
683,1,1,1.0
683,3,3,1.0
607,4,4,0.0
607,2,2,1.0
607,0,0,1.0
726,0,0,1.0
726,1,1,1.0
726,4,4,1.0
213,1,1,0.0
213,3,3,0.0
213,4,4,1.0
847,4,4,1.0
847,1,1,1.0
847,3,3,1.0
442,0,0,1.0
442,3,3,1.0
442,1,1,1.0
540,2,2,0.0
540,1,1,1.0
540,0,0,1.0
172,3,3,1.0
172,2,2,0.0
172,0,0,1.0
506,1,1,1.0
506,0,0,1.0
506,2,2,0.0
57,0,0,0.0
57,4,4,1.0
57,1,1,1.0
900,0,0,1.0
900,2,2,1.0
900,3,3,1.0
715,0,0,1.0
715,2,2,1.0
715,1,1,1.0
758,4,4,1.0
758,3,3,1.0
758,1,1,1.0
329,3,3,1.0
329,0,0,1.0
329,2,2,1.0
290,3,3,1.0
290,4,4,1.0
290,2,2,1.0
773,2,2,1.0
773,1,1,1.0
773,0,0,1.0
832,1,1,1.0
832,2,2,1.0
832,3,3,1.0
518,0,0,1.0
518,3,3,1.0
518,1,1,1.0
689,1,1,1.0
689,2,2,1.0
689,4,4,0.0
187,2,2,0.0
187,4,4,1.0
187,1,1,0.0
925,4,4,1.0
925,0,0,1.0
925,2,2,1.0
805,3,3,1.0
805,2,2,1.0
805,1,1,1.0
766,1,1,1.0
766,0,0,1.0
766,2,2,1.0
14,2,2,0.0
14,4,4,1.0
14,3,3,1.0
504,1,1,1.0
504,3,3,1.0
504,4,4,1.0
705,4,4,1.0
705,0,0,1.0
705,3,3,1.0
17,2,2,0.0
17,4,4,1.0
17,1,1,0.0
239,2,2,1.0
239,0,0,1.0
239,1,1,0.0
564,4,4,1.0
564,2,2,0.0
564,3,3,1.0
647,4,4,1.0
647,0,0,1.0
647,1,1,1.0
577,2,2,0.0
577,4,4,1.0
577,3,3,1.0
58,1,1,1.0
58,0,0,0.0
58,4,4,1.0
452,4,4,1.0
452,0,0,1.0
452,3,3,1.0
505,4,4,1.0
505,3,3,1.0
505,1,1,1.0
932,0,0,1.0
932,1,1,1.0
932,4,4,1.0
221,4,4,1.0
221,2,2,1.0
221,1,1,0.0
845,2,2,1.0
845,3,3,1.0
845,4,4,1.0
894,0,0,1.0
894,2,2,1.0
894,4,4,1.0
64,0,0,0.0
64,4,4,1.0
64,3,3,1.0
225,0,0,1.0
225,4,4,1.0
225,2,2,1.0
182,0,0,1.0
182,4,4,1.0
182,1,1,0.0
531,3,3,1.0
531,2,2,0.0
531,1,1,1.0
192,2,2,0.0
192,4,4,1.0
192,3,3,1.0
913,0,0,1.0
913,4,4,1.0
913,1,1,1.0
796,1,1,1.0
796,3,3,1.0
796,0,0,1.0
813,0,0,1.0
813,3,3,1.0
813,2,2,1.0
123,4,4,0.0
123,2,2,0.0
123,0,0,1.0
928,2,2,1.0
928,0,0,1.0
928,3,3,1.0
256,4,4,1.0
256,0,0,1.0
256,1,1,0.0
646,3,3,0.0
646,4,4,1.0
646,2,2,1.0
826,4,4,1.0
826,2,2,1.0
826,3,3,1.0
931,0,0,1.0
931,1,1,1.0
931,4,4,1.0
792,4,4,1.0
792,2,2,1.0
792,0,0,1.0
789,4,4,1.0
789,0,0,1.0
789,2,2,1.0
51,1,1,1.0
51,4,4,1.0
51,3,3,1.0
21,0,0,0.0
21,3,3,1.0
21,1,1,0.0
516,4,4,1.0
516,3,3,1.0
516,2,2,0.0
465,0,0,1.0
465,3,3,1.0
465,1,1,1.0
513,4,4,1.0
513,1,1,1.0
513,3,3,1.0
850,0,0,1.0
850,3,3,1.0
850,4,4,1.0
70,2,2,1.0
70,1,1,1.0
70,3,3,1.0
436,2,2,0.0
436,1,1,1.0
436,3,3,1.0
370,3,3,0.0
370,0,0,1.0
370,4,4,1.0
781,3,3,1.0
781,2,2,1.0
781,4,4,1.0
38,2,2,0.0
38,4,4,1.0
38,3,3,0.0
446,4,4,1.0
446,0,0,1.0
446,2,2,0.0
211,3,3,0.0
211,0,0,1.0
211,2,2,1.0
92,1,1,0.0
92,3,3,0.0
92,4,4,1.0
613,4,4,1.0
613,3,3,0.0
613,1,1,1.0
849,4,4,1.0
849,1,1,1.0
849,2,2,1.0
358,0,0,1.0
358,4,4,1.0
358,3,3,0.0
89,0,0,1.0
89,4,4,1.0
89,3,3,0.0
235,1,1,0.0
235,3,3,0.0
235,2,2,1.0
353,0,0,1.0
353,4,4,1.0
353,2,2,0.0
814,4,4,1.0
814,2,2,1.0
814,3,3,1.0
281,3,3,1.0
281,2,2,1.0
281,0,0,1.0
929,0,0,1.0
929,3,3,1.0
929,4,4,1.0
877,1,1,1.0
877,3,3,1.0
877,0,0,1.0
255,3,3,1.0
255,4,4,0.0
255,1,1,0.0
413,3,3,1.0
413,0,0,1.0
413,1,1,1.0
883,2,2,1.0
883,4,4,1.0
883,1,1,1.0
578,1,1,1.0
578,0,0,1.0
578,2,2,0.0
964,2,2,1.0
964,0,0,1.0
964,4,4,1.0
310,0,0,1.0
310,1,1,0.0
310,3,3,1.0
697,0,0,1.0
697,3,3,1.0
697,4,4,0.0
77,1,1,0.0
77,0,0,1.0
77,2,2,0.0
507,3,3,1.0
507,1,1,1.0
507,2,2,0.0
723,1,1,1.0
723,0,0,1.0
723,4,4,1.0
680,0,0,1.0
680,4,4,0.0
680,3,3,1.0
136,2,2,0.0
136,1,1,0.0
136,4,4,1.0
272,1,1,0.0
272,2,2,1.0
272,4,4,1.0
503,1,1,1.0
503,3,3,1.0
503,0,0,1.0
834,0,0,1.0
834,3,3,1.0
834,1,1,1.0
344,0,0,1.0
344,1,1,1.0
344,2,2,0.0
615,1,1,1.0
615,0,0,1.0
615,2,2,1.0
557,0,0,1.0
557,4,4,1.0
557,1,1,1.0
543,1,1,1.0
543,0,0,1.0
543,4,4,1.0
364,4,4,1.0
364,1,1,1.0
364,2,2,0.0
843,2,2,1.0
843,1,1,1.0
843,0,0,1.0
207,1,1,0.0
207,3,3,1.0
207,2,2,0.0
35,1,1,1.0
35,2,2,0.0
35,0,0,0.0
871,4,4,1.0
871,3,3,1.0
871,1,1,1.0
55,4,4,1.0
55,0,0,0.0
55,1,1,1.0
431,0,0,1.0
431,4,4,1.0
431,2,2,0.0
610,2,2,1.0
610,1,1,1.0
610,4,4,0.0
357,1,1,1.0
357,2,2,0.0
357,3,3,0.0
127,2,2,0.0
127,4,4,0.0
127,0,0,1.0
668,4,4,1.0
668,1,1,1.0
668,3,3,0.0
772,0,0,1.0
772,1,1,1.0
772,2,2,1.0
73,1,1,1.0
73,0,0,0.0
73,2,2,1.0
696,1,1,1.0
696,2,2,1.0
696,0,0,1.0
511,4,4,1.0
511,0,0,1.0
511,1,1,1.0
184,3,3,1.0
184,0,0,1.0
184,1,1,0.0
383,4,4,1.0
383,1,1,1.0
383,0,0,1.0
426,2,2,0.0
426,4,4,0.0
426,1,1,1.0
3,3,3,0.0
3,4,4,1.0
3,0,0,0.0
159,0,0,1.0
159,4,4,1.0
159,2,2,0.0
984,0,0,1.0
984,4,4,1.0
984,2,2,1.0
888,4,4,1.0
888,3,3,1.0
888,2,2,1.0
116,1,1,0.0
116,4,4,0.0
116,3,3,1.0
636,0,0,1.0
636,1,1,1.0
636,2,2,1.0
801,4,4,1.0
801,3,3,1.0
801,2,2,1.0
394,1,1,1.0
394,3,3,0.0
394,4,4,1.0
598,2,2,0.0
598,4,4,1.0
598,1,1,1.0
152,3,3,1.0
152,2,2,0.0
152,0,0,1.0
23,0,0,0.0
23,3,3,0.0
23,4,4,1.0
167,2,2,0.0
167,4,4,1.0
167,3,3,1.0
45,1,1,1.0
45,2,2,0.0
45,3,3,1.0
30,4,4,1.0
30,2,2,1.0
30,3,3,1.0
678,1,1,1.0
678,0,0,1.0
678,2,2,1.0
788,3,3,1.0
788,2,2,1.0
788,1,1,1.0
323,3,3,1.0
323,4,4,1.0
323,2,2,1.0
700,3,3,1.0
700,1,1,1.0
700,0,0,1.0
777,1,1,1.0
777,3,3,1.0
777,0,0,1.0
590,3,3,1.0
590,2,2,0.0
590,0,0,1.0
906,3,3,1.0
906,0,0,1.0
906,2,2,1.0
422,3,3,1.0
422,0,0,1.0
422,2,2,0.0
441,1,1,1.0
441,4,4,1.0
441,0,0,1.0
331,1,1,0.0
331,4,4,1.0
331,0,0,1.0
617,3,3,0.0
617,4,4,1.0
617,0,0,1.0
414,1,1,1.0
414,0,0,1.0
414,3,3,1.0
786,2,2,1.0
786,1,1,1.0
786,0,0,1.0
276,0,0,1.0
276,1,1,0.0
276,3,3,1.0
673,3,3,0.0
673,4,4,1.0
673,1,1,1.0
521,1,1,1.0
521,4,4,1.0
521,2,2,0.0
100,0,0,1.0
100,4,4,1.0
100,2,2,0.0
552,3,3,1.0
552,2,2,0.0
552,1,1,1.0
665,0,0,1.0
665,3,3,0.0
665,2,2,1.0
458,3,3,1.0
458,4,4,1.0
458,2,2,0.0
535,0,0,1.0
535,1,1,1.0
535,4,4,1.0
330,4,4,1.0
330,1,1,0.0
330,3,3,1.0
614,2,2,1.0
614,3,3,0.0
614,1,1,1.0
706,0,0,1.0
706,1,1,1.0
706,4,4,1.0
395,1,1,1.0
395,4,4,1.0
395,2,2,0.0
642,0,0,1.0
642,2,2,1.0
642,4,4,1.0
324,1,1,0.0
324,4,4,1.0
324,0,0,1.0
751,0,0,1.0
751,4,4,1.0
751,3,3,1.0
259,2,2,1.0
259,4,4,1.0
259,3,3,1.0
508,1,1,1.0
508,0,0,1.0
508,3,3,1.0
638,1,1,1.0
638,0,0,1.0
638,3,3,0.0
722,3,3,1.0
722,0,0,1.0
722,4,4,1.0
232,4,4,1.0
232,1,1,0.0
232,2,2,1.0
1,3,3,0.0
1,2,2,0.0
1,4,4,0.0
686,3,3,1.0
686,4,4,0.0
686,1,1,1.0
597,2,2,0.0
597,0,0,1.0
597,4,4,1.0
983,0,0,1.0
983,3,3,1.0
983,2,2,1.0
195,3,3,1.0
195,2,2,0.0
195,0,0,1.0
303,2,2,1.0
303,4,4,1.0
303,3,3,1.0
737,2,2,1.0
737,1,1,1.0
737,0,0,1.0
388,0,0,1.0
388,1,1,1.0
388,4,4,1.0
887,0,0,1.0
887,2,2,1.0
887,4,4,1.0
833,2,2,1.0
833,4,4,1.0
833,1,1,1.0
806,1,1,1.0
806,4,4,1.0
806,0,0,1.0
867,2,2,1.0
867,0,0,1.0
867,1,1,1.0
999,1,1,1.0
999,0,0,1.0
999,4,4,1.0
593,2,2,0.0
593,3,3,1.0
593,4,4,1.0
67,2,2,1.0
67,4,4,1.0
67,0,0,0.0
229,1,1,0.0
229,2,2,1.0
229,0,0,1.0
628,0,0,1.0
628,3,3,0.0
628,4,4,1.0
209,1,1,0.0
209,3,3,1.0
209,4,4,1.0
541,3,3,1.0
541,2,2,0.0
541,4,4,1.0
971,0,0,1.0
971,2,2,1.0
971,1,1,1.0
743,0,0,1.0
743,1,1,1.0
743,2,2,1.0
627,3,3,0.0
627,4,4,1.0
627,2,2,1.0
381,4,4,1.0
381,3,3,0.0
381,1,1,1.0
908,3,3,1.0
908,1,1,1.0
908,4,4,1.0
203,2,2,0.0
203,3,3,1.0
203,1,1,0.0
606,2,2,1.0
606,3,3,0.0
606,0,0,1.0
5,0,0,0.0
5,1,1,0.0
5,4,4,1.0
536,3,3,1.0
536,2,2,0.0
536,0,0,1.0
824,3,3,1.0
824,4,4,1.0
824,2,2,1.0
439,1,1,1.0
439,3,3,1.0
439,0,0,1.0
150,2,2,0.0
150,4,4,1.0
150,1,1,0.0
450,4,4,1.0
450,3,3,1.0
450,2,2,0.0
987,0,0,1.0
987,1,1,1.0
987,4,4,1.0
488,2,2,0.0
488,4,4,1.0
488,3,3,1.0
32,2,2,0.0
32,0,0,0.0
32,3,3,0.0
709,3,3,1.0
709,2,2,1.0
709,0,0,1.0
404,0,0,1.0
404,2,2,0.0
404,4,4,1.0
122,1,1,0.0
122,4,4,0.0
122,0,0,1.0
812,4,4,1.0
812,1,1,1.0
812,3,3,1.0
658,4,4,1.0
658,3,3,0.0
658,1,1,1.0
649,4,4,1.0
649,1,1,1.0
649,3,3,0.0
935,1,1,1.0
935,2,2,1.0
935,4,4,1.0
712,4,4,1.0
712,2,2,1.0
712,3,3,1.0
124,3,3,1.0
124,1,1,0.0
124,0,0,1.0
563,2,2,0.0
563,4,4,1.0
563,1,1,1.0
109,3,3,0.0
109,1,1,0.0
109,2,2,0.0
748,4,4,1.0
748,1,1,1.0
748,2,2,1.0
363,4,4,1.0
363,2,2,0.0
363,3,3,0.0
40,3,3,1.0
40,0,0,0.0
40,1,1,1.0
729,4,4,1.0
729,3,3,1.0
729,2,2,1.0
471,4,4,1.0
471,0,0,1.0
471,3,3,1.0
961,3,3,1.0
961,1,1,1.0
961,0,0,1.0
499,0,0,1.0
499,3,3,1.0
499,1,1,1.0
856,1,1,1.0
856,3,3,1.0
856,4,4,1.0
767,1,1,1.0
767,0,0,1.0
767,4,4,1.0
959,3,3,1.0
959,0,0,1.0
959,2,2,1.0
835,2,2,1.0
835,1,1,1.0
835,3,3,1.0
672,3,3,0.0
672,1,1,1.0
672,4,4,1.0
957,1,1,1.0
957,4,4,1.0
957,3,3,1.0
738,2,2,1.0
738,1,1,1.0
738,3,3,1.0
222,0,0,1.0
222,3,3,0.0
222,4,4,1.0
823,4,4,1.0
823,3,3,1.0
823,2,2,1.0
602,2,2,1.0
602,1,1,1.0
602,4,4,0.0
277,3,3,1.0
277,1,1,0.0
277,2,2,1.0
728,0,0,1.0
728,2,2,1.0
728,1,1,1.0
695,0,0,1.0
695,3,3,1.0
695,2,2,1.0
274,0,0,1.0
274,3,3,1.0
274,1,1,0.0
445,0,0,1.0
445,4,4,1.0
445,2,2,0.0
990,3,3,1.0
990,2,2,1.0
990,0,0,1.0
872,3,3,1.0
872,4,4,1.0
872,0,0,1.0
975,1,1,1.0
975,3,3,1.0
975,4,4,1.0
170,4,4,1.0
170,2,2,0.0
170,1,1,0.0
296,0,0,1.0
296,4,4,1.0
296,1,1,0.0
478,4,4,1.0
478,0,0,1.0
478,2,2,0.0
319,4,4,1.0
319,1,1,0.0
319,2,2,1.0
626,2,2,1.0
626,4,4,1.0
626,0,0,1.0
804,0,0,1.0
804,1,1,1.0
804,4,4,1.0
9,4,4,0.0
9,1,1,0.0
9,3,3,1.0
33,4,4,1.0
33,0,0,0.0
33,1,1,1.0
875,1,1,1.0
875,3,3,1.0
875,2,2,1.0
217,1,1,0.0
217,2,2,1.0
217,3,3,0.0
958,0,0,1.0
958,2,2,1.0
958,3,3,1.0
139,4,4,1.0
139,0,0,1.0
139,2,2,0.0
315,2,2,1.0
315,1,1,0.0
315,3,3,1.0
905,0,0,1.0
905,2,2,1.0
905,3,3,1.0
173,2,2,0.0
173,4,4,1.0
173,0,0,1.0
41,0,0,0.0
41,1,1,1.0
41,3,3,1.0
886,1,1,1.0
886,4,4,1.0
886,0,0,1.0
253,1,1,0.0
253,3,3,1.0
253,4,4,0.0
500,1,1,1.0
500,3,3,1.0
500,4,4,1.0
817,0,0,1.0
817,2,2,1.0
817,4,4,1.0
397,3,3,0.0
397,0,0,1.0
397,4,4,1.0
351,2,2,0.0
351,4,4,0.0
351,1,1,1.0
161,1,1,0.0
161,4,4,1.0
161,0,0,1.0
530,2,2,0.0
530,4,4,1.0
530,3,3,1.0
162,0,0,1.0
162,2,2,0.0
162,4,4,1.0
248,0,0,1.0
248,4,4,0.0
248,1,1,0.0
487,2,2,0.0
487,0,0,1.0
487,4,4,1.0
866,1,1,1.0
866,0,0,1.0
866,3,3,1.0
374,0,0,1.0
374,2,2,0.0
374,1,1,1.0
538,2,2,0.0
538,4,4,1.0
538,0,0,1.0
47,0,0,0.0
47,3,3,1.0
47,2,2,0.0
861,3,3,1.0
861,0,0,1.0
861,2,2,1.0
228,0,0,1.0
228,1,1,0.0
228,4,4,1.0
839,4,4,1.0
839,3,3,1.0
839,2,2,1.0
241,3,3,1.0
241,4,4,0.0
241,1,1,0.0
778,4,4,1.0
778,0,0,1.0
778,2,2,1.0
515,2,2,0.0
515,3,3,1.0
515,1,1,1.0
685,1,1,1.0
685,3,3,1.0
685,4,4,0.0
994,0,0,1.0
994,1,1,1.0
994,4,4,1.0
183,3,3,1.0
183,2,2,0.0
183,1,1,0.0
338,2,2,0.0
338,4,4,0.0
338,1,1,1.0
286,0,0,1.0
286,2,2,1.0
286,4,4,1.0
224,1,1,0.0
224,3,3,0.0
224,2,2,1.0
859,4,4,1.0
859,3,3,1.0
859,2,2,1.0
193,1,1,0.0
193,0,0,1.0
193,3,3,1.0
321,2,2,1.0
321,1,1,0.0
321,3,3,1.0
949,3,3,1.0
949,1,1,1.0
949,0,0,1.0
318,1,1,0.0
318,0,0,1.0
318,2,2,1.0
48,0,0,0.0
48,2,2,0.0
48,4,4,1.0
435,4,4,1.0
435,3,3,1.0
435,1,1,1.0
346,4,4,0.0
346,1,1,1.0
346,3,3,0.0
113,0,0,1.0
113,4,4,1.0
113,1,1,0.0
104,2,2,0.0
104,1,1,0.0
104,3,3,0.0
415,2,2,0.0
415,3,3,1.0
415,4,4,0.0
820,4,4,1.0
820,1,1,1.0
820,3,3,1.0
764,1,1,1.0
764,3,3,1.0
764,0,0,1.0
942,0,0,1.0
942,3,3,1.0
942,4,4,1.0
300,2,2,1.0
300,1,1,0.0
300,4,4,1.0
443,3,3,1.0
443,2,2,0.0
443,1,1,1.0
263,0,0,1.0
263,4,4,1.0
263,1,1,0.0
558,3,3,1.0
558,1,1,1.0
558,0,0,1.0
550,4,4,1.0
550,1,1,1.0
550,2,2,0.0
631,1,1,1.0
631,2,2,1.0
631,4,4,1.0
347,2,2,0.0
347,0,0,1.0
347,1,1,1.0
553,0,0,1.0
553,3,3,1.0
553,2,2,0.0
87,3,3,0.0
87,2,2,0.0
87,1,1,0.0
595,1,1,1.0
595,3,3,1.0
595,0,0,1.0
481,4,4,1.0
481,3,3,1.0
481,0,0,1.0
8,2,2,0.0
8,3,3,0.0
8,1,1,0.0
360,0,0,1.0
360,4,4,1.0
360,3,3,0.0
380,3,3,0.0
380,2,2,0.0
380,0,0,1.0
402,2,2,0.0
402,4,4,1.0
402,1,1,1.0
950,4,4,1.0
950,2,2,1.0
950,0,0,1.0
247,1,1,0.0
247,4,4,0.0
247,0,0,1.0
473,4,4,1.0
473,2,2,0.0
473,0,0,1.0
936,0,0,1.0
936,3,3,1.0
936,4,4,1.0
596,3,3,1.0
596,2,2,0.0
596,0,0,1.0
591,3,3,1.0
591,1,1,1.0
591,4,4,1.0
985,1,1,1.0
985,4,4,1.0
985,0,0,1.0
988,3,3,1.0
988,4,4,1.0
988,1,1,1.0
991,0,0,1.0
991,1,1,1.0
991,2,2,1.0
978,1,1,1.0
978,3,3,1.0
978,4,4,1.0
373,4,4,1.0
373,2,2,0.0
373,1,1,1.0
524,4,4,1.0
524,0,0,1.0
524,3,3,1.0
385,0,0,1.0
385,1,1,1.0
385,3,3,0.0
510,4,4,1.0
510,1,1,1.0
510,3,3,1.0
250,2,2,1.0
250,0,0,1.0
250,4,4,0.0
438,1,1,1.0
438,2,2,0.0
438,3,3,1.0
742,1,1,1.0
742,3,3,1.0
742,0,0,1.0
783,0,0,1.0
783,4,4,1.0
783,1,1,1.0
190,3,3,1.0
190,4,4,1.0
190,0,0,1.0
997,2,2,1.0
997,0,0,1.0
997,1,1,1.0
59,0,0,0.0
59,2,2,1.0
59,3,3,1.0
444,3,3,1.0
444,1,1,1.0
444,4,4,1.0
137,4,4,1.0
137,1,1,0.0
137,3,3,1.0
546,4,4,1.0
546,2,2,0.0
546,3,3,1.0
420,3,3,1.0
420,4,4,0.0
420,0,0,1.0
37,0,0,0.0
37,3,3,0.0
37,4,4,1.0
312,0,0,1.0
312,1,1,0.0
312,3,3,1.0
61,2,2,1.0
61,4,4,1.0
61,0,0,0.0
684,3,3,1.0
684,1,1,1.0
684,2,2,1.0
15,4,4,1.0
15,0,0,0.0
15,1,1,0.0
633,3,3,0.0
633,1,1,1.0
633,0,0,1.0
86,2,2,0.0
86,1,1,0.0
86,0,0,1.0
10,0,0,0.0
10,4,4,0.0
10,3,3,1.0
572,0,0,1.0
572,1,1,1.0
572,2,2,0.0
810,1,1,1.0
810,3,3,1.0
810,4,4,1.0
262,1,1,0.0
262,3,3,1.0
262,4,4,1.0
879,4,4,1.0
879,2,2,1.0
879,0,0,1.0
825,1,1,1.0
825,0,0,1.0
825,4,4,1.0
483,1,1,1.0
483,3,3,1.0
483,4,4,1.0
236,4,4,1.0
236,1,1,0.0
236,0,0,1.0
965,4,4,1.0
965,3,3,1.0
965,0,0,1.0
275,4,4,1.0
275,3,3,1.0
275,0,0,1.0
391,2,2,0.0
391,0,0,1.0
391,3,3,0.0
837,4,4,1.0
837,1,1,1.0
837,0,0,1.0
258,1,1,0.0
258,3,3,1.0
258,4,4,1.0
389,4,4,1.0
389,0,0,1.0
389,2,2,0.0
460,3,3,1.0
460,2,2,0.0
460,1,1,1.0
130,0,0,1.0
130,4,4,1.0
130,3,3,1.0
133,1,1,0.0
133,4,4,1.0
133,0,0,1.0
218,3,3,0.0
218,2,2,1.0
218,0,0,1.0
604,3,3,0.0
604,4,4,0.0
604,1,1,1.0
966,0,0,1.0
966,3,3,1.0
966,1,1,1.0
396,2,2,0.0
396,1,1,1.0
396,3,3,0.0
25,4,4,0.0
25,0,0,0.0
25,2,2,1.0
968,4,4,1.0
968,1,1,1.0
968,3,3,1.0
260,4,4,1.0
260,1,1,0.0
260,2,2,1.0
741,2,2,1.0
741,0,0,1.0
741,3,3,1.0
902,0,0,1.0
902,3,3,1.0
902,1,1,1.0
69,3,3,1.0
69,0,0,0.0
69,2,2,1.0
565,0,0,1.0
565,3,3,1.0
565,4,4,1.0
794,0,0,1.0
794,3,3,1.0
794,2,2,1.0
601,0,0,1.0
601,2,2,0.0
601,4,4,1.0
174,1,1,0.0
174,3,3,1.0
174,0,0,1.0
62,4,4,1.0
62,0,0,0.0
62,3,3,1.0
378,3,3,0.0
378,4,4,1.0
378,1,1,1.0
417,4,4,0.0
417,2,2,0.0
417,0,0,1.0
144,4,4,1.0
144,1,1,0.0
144,0,0,1.0
853,0,0,1.0
853,2,2,1.0
853,4,4,1.0
979,4,4,1.0
979,0,0,1.0
979,2,2,1.0
4,1,1,0.0
4,3,3,0.0
4,0,0,0.0
762,0,0,1.0
762,4,4,1.0
762,1,1,1.0
285,4,4,1.0
285,1,1,0.0
285,0,0,1.0
854,2,2,1.0
854,4,4,1.0
854,3,3,1.0
311,2,2,1.0
311,1,1,0.0
311,4,4,1.0
11,2,2,0.0
11,0,0,0.0
11,4,4,1.0
301,3,3,1.0
301,4,4,1.0
301,0,0,1.0
317,0,0,1.0
317,3,3,1.0
317,1,1,0.0
830,3,3,1.0
830,1,1,1.0
830,4,4,1.0
691,2,2,1.0
691,0,0,1.0
691,4,4,0.0
434,0,0,1.0
434,4,4,1.0
434,2,2,0.0
251,1,1,0.0
251,0,0,1.0
251,4,4,0.0
430,1,1,1.0
430,0,0,1.0
430,4,4,1.0
121,4,4,0.0
121,3,3,1.0
121,1,1,0.0
603,1,1,1.0
603,2,2,1.0
603,0,0,1.0
630,0,0,1.0
630,3,3,0.0
630,1,1,1.0
299,2,2,1.0
299,1,1,0.0
299,0,0,1.0
433,1,1,1.0
433,0,0,1.0
433,4,4,1.0
350,1,1,1.0
350,2,2,0.0
350,3,3,0.0
115,0,0,1.0
115,3,3,1.0
115,1,1,0.0
457,0,0,1.0
457,1,1,1.0
457,2,2,0.0
53,2,2,0.0
53,1,1,1.0
53,0,0,0.0
88,1,1,0.0
88,2,2,0.0
88,3,3,0.0
864,4,4,1.0
864,0,0,1.0
864,3,3,1.0
527,0,0,1.0
527,2,2,0.0
527,3,3,1.0
198,3,3,1.0
198,2,2,0.0
198,4,4,1.0
320,0,0,1.0
320,3,3,1.0
320,2,2,1.0
440,3,3,1.0
440,1,1,1.0
440,0,0,1.0
639,3,3,0.0
639,4,4,1.0
639,2,2,1.0
776,0,0,1.0
776,3,3,1.0
776,1,1,1.0
212,1,1,0.0
212,3,3,0.0
212,4,4,0.0
904,4,4,1.0
904,3,3,1.0
904,1,1,1.0
437,3,3,1.0
437,2,2,0.0
437,0,0,1.0
2,0,0,0.0
2,4,4,0.0
2,2,2,0.0
205,3,3,1.0
205,0,0,1.0
205,4,4,1.0
863,3,3,1.0
863,0,0,1.0
863,1,1,1.0
860,4,4,1.0
860,0,0,1.0
860,2,2,1.0
721,1,1,1.0
721,3,3,1.0
721,0,0,1.0
656,1,1,1.0
656,4,4,1.0
656,3,3,0.0
63,0,0,0.0
63,1,1,1.0
63,3,3,1.0
489,2,2,0.0
489,3,3,1.0
489,1,1,1.0
476,4,4,1.0
476,3,3,1.0
476,1,1,1.0
694,0,0,1.0
694,1,1,1.0
694,3,3,1.0
522,4,4,1.0
522,2,2,0.0
522,1,1,1.0
754,2,2,1.0
754,0,0,1.0
754,1,1,1.0
974,2,2,1.0
974,0,0,1.0
974,1,1,1.0
914,1,1,1.0
914,3,3,1.0
914,0,0,1.0
191,2,2,0.0
191,3,3,1.0
191,4,4,1.0
947,4,4,1.0
947,1,1,1.0
947,3,3,1.0
509,1,1,1.0
509,0,0,1.0
509,3,3,1.0
216,0,0,1.0
216,4,4,1.0
216,1,1,0.0
313,0,0,1.0
313,2,2,1.0
313,1,1,0.0
574,0,0,1.0
574,4,4,1.0
574,1,1,1.0
366,0,0,1.0
366,2,2,0.0
366,4,4,1.0
171,3,3,1.0
171,1,1,0.0
171,2,2,0.0
485,2,2,0.0
485,1,1,1.0
485,3,3,1.0
941,1,1,1.0
941,0,0,1.0
941,2,2,1.0
495,3,3,1.0
495,0,0,1.0
495,1,1,1.0
753,2,2,1.0
753,4,4,1.0
753,1,1,1.0
687,1,1,1.0
687,4,4,0.0
687,3,3,1.0
493,4,4,1.0
493,1,1,1.0
493,2,2,0.0
309,4,4,1.0
309,3,3,1.0
309,2,2,1.0
981,0,0,1.0
981,3,3,1.0
981,2,2,1.0
901,4,4,1.0
901,1,1,1.0
901,2,2,1.0
419,3,3,1.0
419,4,4,0.0
419,1,1,1.0
408,4,4,0.0
408,1,1,1.0
408,3,3,1.0
95,4,4,1.0
95,2,2,0.0
95,1,1,0.0
579,4,4,1.0
579,1,1,1.0
579,2,2,0.0
52,4,4,1.0
52,0,0,0.0
52,3,3,1.0
83,0,0,1.0
83,2,2,0.0
83,1,1,0.0
155,4,4,1.0
155,2,2,0.0
155,3,3,1.0
745,4,4,1.0
745,1,1,1.0
745,0,0,1.0
146,0,0,1.0
146,1,1,0.0
146,3,3,1.0
28,3,3,1.0
28,2,2,1.0
28,1,1,0.0
927,2,2,1.0
927,3,3,1.0
927,4,4,1.0
307,3,3,1.0
307,0,0,1.0
307,1,1,0.0
467,4,4,1.0
467,2,2,0.0
467,3,3,1.0
681,4,4,0.0
681,3,3,1.0
681,1,1,1.0
90,4,4,1.0
90,2,2,0.0
90,0,0,1.0
7,3,3,0.0
7,2,2,0.0
7,0,0,0.0
36,0,0,0.0
36,4,4,1.0
36,2,2,0.0
532,3,3,1.0
532,4,4,1.0
532,2,2,0.0
273,0,0,1.0
273,4,4,1.0
273,1,1,0.0
573,4,4,1.0
573,1,1,1.0
573,2,2,0.0
226,3,3,0.0
226,0,0,1.0
226,1,1,0.0
114,1,1,0.0
114,4,4,1.0
114,0,0,1.0
703,3,3,1.0
703,2,2,1.0
703,1,1,1.0
599,2,2,0.0
599,4,4,1.0
599,1,1,1.0
359,0,0,1.0
359,2,2,0.0
359,3,3,0.0
620,1,1,1.0
620,3,3,0.0
620,2,2,1.0
252,3,3,1.0
252,2,2,1.0
252,4,4,0.0
141,1,1,0.0
141,3,3,1.0
141,2,2,0.0
46,3,3,1.0
46,4,4,1.0
46,2,2,0.0
809,2,2,1.0
809,3,3,1.0
809,1,1,1.0
126,0,0,1.0
126,2,2,0.0
126,3,3,1.0
479,3,3,1.0
479,2,2,0.0
479,0,0,1.0
873,0,0,1.0
873,1,1,1.0
873,3,3,1.0
145,1,1,0.0
145,2,2,0.0
145,0,0,1.0
560,3,3,1.0
560,2,2,0.0
560,0,0,1.0
298,2,2,1.0
298,4,4,1.0
298,3,3,1.0
459,1,1,1.0
459,2,2,0.0
459,0,0,1.0
544,2,2,0.0
544,1,1,1.0
544,4,4,1.0
96,1,1,0.0
96,3,3,0.0
96,0,0,1.0
836,4,4,1.0
836,0,0,1.0
836,2,2,1.0
821,3,3,1.0
821,4,4,1.0
821,1,1,1.0
44,1,1,1.0
44,2,2,0.0
44,4,4,1.0
584,0,0,1.0
584,3,3,1.0
584,2,2,0.0
461,2,2,0.0
461,3,3,1.0
461,0,0,1.0
240,1,1,0.0
240,4,4,1.0
240,0,0,1.0
797,1,1,1.0
797,3,3,1.0
797,4,4,1.0
103,3,3,0.0
103,4,4,1.0
103,0,0,1.0
322,1,1,0.0
322,2,2,1.0
322,0,0,1.0
76,2,2,0.0
76,1,1,0.0
76,0,0,1.0
629,2,2,1.0
629,1,1,1.0
629,4,4,1.0
282,0,0,1.0
282,2,2,1.0
282,3,3,1.0
520,2,2,0.0
520,0,0,1.0
520,4,4,1.0
892,0,0,1.0
892,2,2,1.0
892,4,4,1.0
819,3,3,1.0
819,1,1,1.0
819,4,4,1.0
967,1,1,1.0
967,0,0,1.0
967,4,4,1.0
368,2,2,0.0
368,4,4,1.0
368,1,1,1.0
650,4,4,1.0
650,0,0,1.0
650,2,2,1.0
645,4,4,1.0
645,1,1,1.0
645,0,0,1.0
135,0,0,1.0
135,4,4,1.0
135,3,3,1.0
608,4,4,0.0
608,0,0,1.0
608,2,2,1.0
348,4,4,0.0
348,3,3,0.0
348,1,1,1.0
356,1,1,1.0
356,3,3,0.0
356,0,0,1.0
514,3,3,1.0
514,2,2,0.0
514,1,1,1.0
962,1,1,1.0
962,2,2,1.0
962,4,4,1.0
43,4,4,1.0
43,3,3,1.0
43,0,0,0.0
142,2,2,0.0
142,1,1,0.0
142,3,3,1.0
526,0,0,1.0
526,3,3,1.0
526,2,2,0.0
581,2,2,0.0
581,4,4,1.0
581,3,3,1.0
185,4,4,1.0
185,1,1,0.0
185,3,3,1.0
349,3,3,0.0
349,2,2,0.0
349,4,4,0.0
179,4,4,1.0
179,2,2,0.0
179,0,0,1.0
585,4,4,1.0
585,3,3,1.0
585,0,0,1.0
472,0,0,1.0
472,4,4,1.0
472,2,2,0.0
827,0,0,1.0
827,2,2,1.0
827,1,1,1.0
793,0,0,1.0
793,3,3,1.0
793,4,4,1.0
583,3,3,1.0
583,2,2,0.0
583,4,4,1.0
316,4,4,1.0
316,0,0,1.0
316,3,3,1.0
693,0,0,1.0
693,1,1,1.0
693,4,4,0.0
539,4,4,1.0
539,3,3,1.0
539,1,1,1.0
976,1,1,1.0
976,0,0,1.0
976,4,4,1.0
175,2,2,0.0
175,4,4,1.0
175,1,1,0.0
707,3,3,1.0
707,1,1,1.0
707,4,4,1.0
134,3,3,1.0
134,0,0,1.0
134,4,4,1.0
752,4,4,1.0
752,0,0,1.0
752,2,2,1.0
304,2,2,1.0
304,4,4,1.0
304,3,3,1.0
663,3,3,0.0
663,0,0,1.0
663,2,2,1.0
268,0,0,1.0
268,3,3,1.0
268,1,1,0.0
405,2,2,0.0
405,4,4,1.0
405,3,3,0.0
688,2,2,1.0
688,1,1,1.0
688,4,4,0.0
624,4,4,1.0
624,0,0,1.0
624,2,2,1.0
970,4,4,1.0
970,0,0,1.0
970,1,1,1.0
297,3,3,1.0
297,2,2,1.0
297,4,4,1.0
891,1,1,1.0
891,2,2,1.0
891,0,0,1.0
157,1,1,0.0
157,0,0,1.0
157,2,2,0.0
110,4,4,1.0
110,1,1,0.0
110,0,0,1.0
454,2,2,0.0
454,0,0,1.0
454,4,4,1.0
294,4,4,1.0
294,2,2,1.0
294,1,1,0.0
785,2,2,1.0
785,0,0,1.0
785,1,1,1.0
542,1,1,1.0
542,3,3,1.0
542,0,0,1.0
410,1,1,1.0
410,2,2,0.0
410,3,3,1.0
80,1,1,0.0
80,2,2,0.0
80,0,0,1.0
361,4,4,1.0
361,1,1,1.0
361,3,3,0.0
106,3,3,0.0
106,1,1,0.0
106,2,2,0.0
618,0,0,1.0
618,1,1,1.0
618,2,2,1.0
865,1,1,1.0
865,2,2,1.0
865,4,4,1.0
428,3,3,1.0
428,0,0,1.0
428,4,4,0.0
496,0,0,1.0
496,4,4,1.0
496,3,3,1.0
640,0,0,1.0
640,3,3,0.0
640,1,1,1.0
406,3,3,0.0
406,4,4,1.0
406,2,2,0.0
151,1,1,0.0
151,3,3,1.0
151,0,0,1.0
566,1,1,1.0
566,2,2,0.0
566,0,0,1.0
463,4,4,1.0
463,3,3,1.0
463,0,0,1.0
561,1,1,1.0
561,2,2,0.0
561,0,0,1.0
254,3,3,1.0
254,1,1,0.0
254,4,4,0.0
831,1,1,1.0
831,0,0,1.0
831,4,4,1.0
621,3,3,0.0
621,2,2,1.0
621,0,0,1.0
986,2,2,1.0
986,0,0,1.0
986,3,3,1.0
227,0,0,1.0
227,1,1,0.0
227,3,3,0.0
858,3,3,1.0
858,1,1,1.0
858,0,0,1.0
659,0,0,1.0
659,4,4,1.0
659,2,2,1.0
588,1,1,1.0
588,4,4,1.0
588,2,2,0.0
306,0,0,1.0
306,1,1,0.0
306,4,4,1.0
945,4,4,1.0
945,2,2,1.0
945,0,0,1.0
586,1,1,1.0
586,2,2,0.0
586,4,4,1.0
379,2,2,0.0
379,0,0,1.0
379,4,4,1.0
111,2,2,0.0
111,3,3,0.0
111,0,0,1.0
818,4,4,1.0
818,3,3,1.0
818,0,0,1.0
456,2,2,0.0
456,1,1,1.0
456,0,0,1.0
635,4,4,1.0
635,3,3,0.0
635,1,1,1.0
220,3,3,0.0
220,4,4,1.0
220,1,1,0.0
644,2,2,1.0
644,4,4,1.0
644,0,0,1.0
611,1,1,1.0
611,0,0,1.0
611,3,3,0.0
143,0,0,1.0
143,1,1,0.0
143,3,3,1.0
206,3,3,1.0
206,4,4,1.0
206,2,2,0.0
501,0,0,1.0
501,2,2,0.0
501,3,3,1.0
214,2,2,1.0
214,0,0,1.0
214,4,4,1.0
747,3,3,1.0
747,4,4,1.0
747,1,1,1.0
219,2,2,1.0
219,4,4,1.0
219,3,3,0.0
178,2,2,0.0
178,3,3,1.0
178,0,0,1.0
750,2,2,1.0
750,4,4,1.0
750,1,1,1.0
468,1,1,1.0
468,2,2,0.0
468,0,0,1.0
101,0,0,1.0
101,2,2,0.0
101,4,4,1.0
547,2,2,0.0
547,1,1,1.0
547,3,3,1.0
625,4,4,1.0
625,2,2,1.0
625,1,1,1.0
325,3,3,1.0
325,4,4,1.0
325,0,0,1.0
403,0,0,1.0
403,1,1,1.0
403,2,2,0.0
339,4,4,0.0
339,0,0,1.0
339,1,1,1.0
401,1,1,1.0
401,4,4,1.0
401,3,3,0.0
305,0,0,1.0
305,3,3,1.0
305,1,1,0.0
692,4,4,0.0
692,1,1,1.0
692,3,3,1.0
934,3,3,1.0
934,0,0,1.0
934,1,1,1.0
432,1,1,1.0
432,2,2,0.0
432,3,3,1.0
912,1,1,1.0
912,3,3,1.0
912,0,0,1.0
280,3,3,1.0
280,2,2,1.0
280,1,1,0.0
409,3,3,1.0
409,1,1,1.0
409,4,4,0.0
956,0,0,1.0
956,2,2,1.0
956,1,1,1.0
708,0,0,1.0
708,3,3,1.0
708,4,4,1.0
84,3,3,0.0
84,2,2,0.0
84,1,1,0.0
120,2,2,0.0
120,4,4,0.0
120,0,0,1.0
654,0,0,1.0
654,3,3,0.0
654,4,4,1.0
355,0,0,1.0
355,1,1,1.0
355,2,2,0.0
242,3,3,1.0
242,4,4,0.0
242,1,1,0.0
677,0,0,1.0
677,1,1,1.0
677,3,3,1.0
160,1,1,0.0
160,4,4,1.0
160,0,0,1.0
362,1,1,1.0
362,3,3,0.0
362,4,4,1.0
594,2,2,0.0
594,1,1,1.0
594,3,3,1.0
194,1,1,0.0
194,2,2,0.0
194,0,0,1.0
91,1,1,0.0
91,2,2,0.0
91,4,4,1.0
896,1,1,1.0
896,0,0,1.0
896,4,4,1.0
943,2,2,1.0
943,0,0,1.0
943,4,4,1.0
537,4,4,1.0
537,2,2,0.0
537,0,0,1.0
963,1,1,1.0
963,3,3,1.0
963,2,2,1.0
724,1,1,1.0
724,2,2,1.0
724,4,4,1.0
326,3,3,1.0
326,4,4,1.0
326,0,0,1.0
94,2,2,0.0
94,1,1,0.0
94,4,4,1.0
462,3,3,1.0
462,1,1,1.0
462,0,0,1.0
71,3,3,1.0
71,2,2,1.0
71,0,0,0.0
188,1,1,0.0
188,0,0,1.0
188,4,4,1.0
822,3,3,1.0
822,2,2,1.0
822,1,1,1.0
973,2,2,1.0
973,3,3,1.0
973,0,0,1.0
244,2,2,1.0
244,4,4,0.0
244,1,1,0.0
291,3,3,1.0
291,2,2,1.0
291,1,1,0.0
910,0,0,1.0
910,3,3,1.0
910,1,1,1.0
270,1,1,0.0
270,4,4,1.0
270,0,0,1.0
763,4,4,1.0
763,2,2,1.0
763,0,0,1.0
181,4,4,1.0
181,3,3,1.0
181,2,2,0.0
208,0,0,1.0
208,3,3,1.0
208,1,1,0.0
482,4,4,1.0
482,1,1,1.0
482,2,2,0.0
605,2,2,1.0
605,1,1,1.0
605,4,4,0.0
878,1,1,1.0
878,3,3,1.0
878,4,4,1.0
164,1,1,0.0
164,2,2,0.0
164,4,4,1.0
186,4,4,1.0
186,2,2,0.0
186,3,3,1.0
523,2,2,0.0
523,3,3,1.0
523,0,0,1.0
308,1,1,0.0
308,3,3,1.0
308,0,0,1.0
755,1,1,1.0
755,0,0,1.0
755,2,2,1.0
131,0,0,1.0
131,4,4,1.0
131,1,1,0.0
701,1,1,1.0
701,2,2,1.0
701,4,4,0.0
502,1,1,1.0
502,2,2,0.0
502,0,0,1.0
169,2,2,0.0
169,4,4,1.0
169,1,1,0.0
790,3,3,1.0
790,2,2,1.0
790,4,4,1.0
85,4,4,0.0
85,2,2,0.0
85,1,1,0.0
393,1,1,1.0
393,3,3,0.0
393,0,0,1.0
215,2,2,1.0
215,3,3,0.0
215,1,1,0.0
580,2,2,0.0
580,1,1,1.0
580,0,0,1.0
717,4,4,1.0
717,3,3,1.0
717,1,1,1.0
204,1,1,0.0
204,3,3,1.0
204,4,4,1.0
622,3,3,0.0
622,1,1,1.0
622,4,4,1.0
690,1,1,1.0
690,2,2,1.0
690,3,3,1.0
802,3,3,1.0
802,4,4,1.0
802,0,0,1.0
82,0,0,1.0
82,3,3,0.0
82,4,4,0.0
648,1,1,1.0
648,3,3,0.0
648,2,2,1.0
926,0,0,1.0
926,1,1,1.0
926,3,3,1.0
779,4,4,1.0
779,1,1,1.0
779,0,0,1.0
915,1,1,1.0
915,4,4,1.0
915,3,3,1.0
387,1,1,1.0
387,4,4,1.0
387,3,3,0.0
907,2,2,1.0
907,3,3,1.0
907,4,4,1.0
93,2,2,0.0
93,4,4,1.0
93,3,3,0.0
798,1,1,1.0
798,0,0,1.0
798,4,4,1.0
302,3,3,1.0
302,4,4,1.0
302,1,1,0.0
50,0,0,0.0
50,1,1,1.0
50,3,3,1.0
744,3,3,1.0
744,2,2,1.0
744,1,1,1.0
759,1,1,1.0
759,4,4,1.0
759,2,2,1.0
480,3,3,1.0
480,0,0,1.0
480,2,2,0.0
921,4,4,1.0
921,3,3,1.0
921,2,2,1.0
893,4,4,1.0
893,1,1,1.0
893,3,3,1.0
49,3,3,1.0
49,2,2,0.0
49,0,0,0.0
525,0,0,1.0
525,4,4,1.0
525,3,3,1.0
284,0,0,1.0
284,1,1,0.0
284,4,4,1.0
447,2,2,0.0
447,1,1,1.0
447,4,4,1.0
201,2,2,0.0
201,3,3,1.0
201,0,0,1.0
177,4,4,1.0
177,1,1,0.0
177,0,0,1.0
156,1,1,0.0
156,0,0,1.0
156,3,3,1.0
19,1,1,0.0
19,2,2,0.0
19,0,0,0.0
944,3,3,1.0
944,4,4,1.0
944,0,0,1.0
972,2,2,1.0
972,4,4,1.0
972,1,1,1.0
74,3,3,1.0
74,4,4,1.0
74,2,2,1.0
760,2,2,1.0
760,1,1,1.0
760,0,0,1.0
670,2,2,1.0
670,0,0,1.0
670,4,4,1.0
549,3,3,1.0
549,4,4,1.0
549,1,1,1.0
948,1,1,1.0
948,2,2,1.0
948,0,0,1.0
293,1,1,0.0
293,0,0,1.0
293,4,4,1.0
727,1,1,1.0
727,4,4,1.0
727,3,3,1.0
29,3,3,1.0
29,1,1,0.0
29,2,2,1.0
655,2,2,1.0
655,0,0,1.0
655,4,4,1.0
869,0,0,1.0
869,4,4,1.0
869,2,2,1.0
231,0,0,1.0
231,1,1,0.0
231,3,3,0.0
898,4,4,1.0
898,3,3,1.0
898,1,1,1.0
998,2,2,1.0
998,4,4,1.0
998,0,0,1.0
371,0,0,1.0
371,4,4,1.0
371,2,2,0.0
554,3,3,1.0
554,4,4,1.0
554,0,0,1.0
855,1,1,1.0
855,3,3,1.0
855,0,0,1.0
261,4,4,1.0
261,3,3,1.0
261,2,2,1.0
857,4,4,1.0
857,1,1,1.0
857,0,0,1.0
923,0,0,1.0
923,1,1,1.0
923,4,4,1.0
477,2,2,0.0
477,1,1,1.0
477,3,3,1.0
189,3,3,1.0
189,2,2,0.0
189,0,0,1.0
575,2,2,0.0
575,0,0,1.0
575,4,4,1.0
739,3,3,1.0
739,0,0,1.0
739,2,2,1.0
924,4,4,1.0
924,1,1,1.0
924,2,2,1.0
612,0,0,1.0
612,3,3,0.0
612,2,2,1.0
993,2,2,1.0
993,0,0,1.0
993,4,4,1.0
951,1,1,1.0
951,3,3,1.0
951,0,0,1.0
278,4,4,1.0
278,1,1,0.0
278,3,3,1.0
246,4,4,0.0
246,3,3,1.0
246,2,2,1.0
623,0,0,1.0
623,1,1,1.0
623,2,2,1.0
782,1,1,1.0
782,0,0,1.0
782,2,2,1.0
671,2,2,1.0
671,4,4,1.0
671,0,0,1.0
266,0,0,1.0
266,1,1,0.0
266,4,4,1.0
730,3,3,1.0
730,2,2,1.0
730,1,1,1.0
398,0,0,1.0
398,4,4,1.0
398,3,3,0.0
876,3,3,1.0
876,1,1,1.0
876,0,0,1.0
682,0,0,1.0
682,1,1,1.0
682,4,4,0.0
761,3,3,1.0
761,4,4,1.0
761,2,2,1.0
559,2,2,0.0
559,3,3,1.0
559,4,4,1.0
842,1,1,1.0
842,2,2,1.0
842,3,3,1.0
427,2,2,0.0
427,3,3,1.0
427,1,1,1.0
890,4,4,1.0
890,0,0,1.0
890,2,2,1.0
698,1,1,1.0
698,2,2,1.0
698,4,4,0.0
946,0,0,1.0
946,1,1,1.0
946,2,2,1.0
940,3,3,1.0
940,4,4,1.0
940,1,1,1.0
954,3,3,1.0
954,0,0,1.0
954,4,4,1.0
128,0,0,1.0
128,3,3,1.0
128,4,4,0.0
233,2,2,1.0
233,1,1,0.0
233,0,0,1.0
589,3,3,1.0
589,4,4,1.0
589,2,2,0.0
780,0,0,1.0
780,2,2,1.0
780,1,1,1.0
295,1,1,0.0
295,0,0,1.0
295,2,2,1.0
952,0,0,1.0
952,4,4,1.0
952,3,3,1.0
163,2,2,0.0
163,0,0,1.0
163,3,3,1.0
249,4,4,0.0
249,2,2,1.0
249,1,1,0.0
466,1,1,1.0
466,3,3,1.0
466,0,0,1.0
238,3,3,0.0
238,0,0,1.0
238,1,1,0.0
918,2,2,1.0
918,3,3,1.0
918,1,1,1.0
669,0,0,1.0
669,1,1,1.0
669,3,3,0.0
710,3,3,1.0
710,2,2,1.0
710,0,0,1.0
230,0,0,1.0
230,3,3,0.0
230,4,4,1.0
200,4,4,1.0
200,1,1,0.0
200,0,0,1.0
223,2,2,1.0
223,3,3,0.0
223,4,4,1.0
491,3,3,1.0
491,0,0,1.0
491,2,2,0.0
660,3,3,0.0
660,1,1,1.0
660,4,4,1.0
749,3,3,1.0
749,1,1,1.0
749,2,2,1.0
808,3,3,1.0
808,1,1,1.0
808,0,0,1.0
27,3,3,1.0
27,1,1,0.0
27,4,4,1.0
176,0,0,1.0
176,1,1,0.0
176,4,4,1.0
919,1,1,1.0
919,3,3,1.0
919,4,4,1.0
989,4,4,1.0
989,2,2,1.0
989,3,3,1.0
675,3,3,1.0
675,4,4,0.0
675,1,1,1.0
421,0,0,1.0
421,4,4,0.0
421,3,3,1.0
995,1,1,1.0
995,0,0,1.0
995,3,3,1.0
292,3,3,1.0
292,1,1,0.0
292,2,2,1.0
714,4,4,1.0
714,3,3,1.0
714,1,1,1.0
81,4,4,0.0
81,2,2,0.0
81,1,1,0.0
736,2,2,1.0
736,1,1,1.0
736,0,0,1.0
791,4,4,1.0
791,0,0,1.0
791,1,1,1.0
545,2,2,0.0
545,3,3,1.0
545,1,1,1.0
264,0,0,1.0
264,3,3,1.0
264,1,1,0.0
132,1,1,0.0
132,3,3,1.0
132,4,4,1.0
996,3,3,1.0
996,2,2,1.0
996,0,0,1.0
870,3,3,1.0
870,1,1,1.0
870,4,4,1.0
662,4,4,1.0
662,3,3,0.0
662,0,0,1.0
933,0,0,1.0
933,1,1,1.0
933,2,2,1.0
448,1,1,1.0
448,2,2,0.0
448,3,3,1.0
911,0,0,1.0
911,1,1,1.0
911,3,3,1.0
770,3,3,1.0
770,1,1,1.0
770,4,4,1.0
567,1,1,1.0
567,0,0,1.0
567,4,4,1.0
533,2,2,0.0
533,0,0,1.0
533,1,1,1.0
769,2,2,1.0
769,4,4,1.0
769,1,1,1.0
423,0,0,1.0
423,1,1,1.0
423,2,2,0.0
768,0,0,1.0
768,3,3,1.0
768,2,2,1.0
470,1,1,1.0
470,2,2,0.0
470,0,0,1.0
68,4,4,1.0
68,2,2,1.0
68,3,3,1.0
570,2,2,0.0
570,0,0,1.0
570,3,3,1.0
592,2,2,0.0
592,3,3,1.0
592,1,1,1.0
725,3,3,1.0
725,0,0,1.0
725,1,1,1.0
895,1,1,1.0
895,4,4,1.0
895,2,2,1.0
411,1,1,1.0
411,0,0,1.0
411,2,2,0.0
784,0,0,1.0
784,2,2,1.0
784,1,1,1.0
352,1,1,1.0
352,2,2,0.0
352,3,3,0.0
600,4,4,1.0
600,0,0,1.0
600,2,2,0.0
98,3,3,0.0
98,1,1,0.0
98,0,0,1.0
390,2,2,0.0
390,3,3,0.0
390,0,0,1.0
868,1,1,1.0
868,4,4,1.0
868,3,3,1.0
112,4,4,1.0
112,2,2,0.0
112,0,0,1.0
455,3,3,1.0
455,0,0,1.0
455,4,4,1.0
369,2,2,0.0
369,3,3,0.0
369,1,1,1.0
637,4,4,1.0
637,2,2,1.0
637,0,0,1.0
24,4,4,0.0
24,3,3,1.0
24,2,2,1.0
765,4,4,1.0
765,3,3,1.0
765,2,2,1.0
166,2,2,0.0
166,1,1,0.0
166,4,4,1.0
718,0,0,1.0
718,3,3,1.0
718,4,4,1.0
939,1,1,1.0
939,3,3,1.0
939,4,4,1.0
342,0,0,1.0
342,2,2,0.0
342,3,3,0.0
265,1,1,0.0
265,3,3,1.0
265,0,0,1.0
65,1,1,1.0
65,0,0,0.0
65,2,2,1.0
343,2,2,0.0
343,4,4,0.0
343,0,0,1.0
641,2,2,1.0
641,1,1,1.0
641,0,0,1.0
667,3,3,0.0
667,0,0,1.0
667,1,1,1.0
168,1,1,0.0
168,0,0,1.0
168,3,3,1.0
475,1,1,1.0
475,2,2,0.0
475,4,4,1.0
874,1,1,1.0
874,0,0,1.0
874,3,3,1.0
619,3,3,0.0
619,4,4,1.0
619,1,1,1.0
31,0,0,0.0
31,4,4,0.0
31,2,2,0.0
119,3,3,1.0
119,2,2,0.0
119,1,1,0.0
811,2,2,1.0
811,4,4,1.0
811,0,0,1.0
862,3,3,1.0
862,4,4,1.0
862,0,0,1.0
289,3,3,1.0
289,4,4,1.0
289,1,1,0.0
392,2,2,0.0
392,1,1,1.0
392,4,4,1.0
803,2,2,1.0
803,0,0,1.0
803,4,4,1.0
337,2,2,0.0
337,0,0,1.0
337,4,4,0.0
257,4,4,1.0
257,3,3,1.0
257,1,1,0.0
775,0,0,1.0
775,2,2,1.0
775,1,1,1.0
829,4,4,1.0
829,2,2,1.0
829,0,0,1.0
920,0,0,1.0
920,4,4,1.0
920,2,2,1.0
328,2,2,1.0
328,0,0,1.0
328,4,4,1.0
429,0,0,1.0
429,1,1,1.0
429,3,3,1.0
980,1,1,1.0
980,3,3,1.0
980,2,2,1.0
519,0,0,1.0
519,4,4,1.0
519,2,2,0.0
12,1,1,0.0
12,3,3,1.0
12,4,4,1.0
653,3,3,0.0
653,2,2,1.0
653,0,0,1.0
982,2,2,1.0
982,0,0,1.0
982,3,3,1.0
283,0,0,1.0
283,1,1,0.0
283,4,4,1.0
418,3,3,1.0
418,2,2,0.0
418,0,0,1.0
20,2,2,0.0
20,1,1,0.0
20,4,4,1.0
740,0,0,1.0
740,2,2,1.0
740,3,3,1.0
372,1,1,1.0
372,3,3,0.0
372,2,2,0.0
243,0,0,1.0
243,3,3,1.0
243,2,2,1.0
6,4,4,1.0
6,3,3,0.0
6,0,0,0.0
702,1,1,1.0
702,3,3,1.0
702,0,0,1.0
0,4,4,0.0
0,1,1,0.0
0,3,3,0.0
841,0,0,1.0
841,3,3,1.0
841,1,1,1.0
490,3,3,1.0
490,1,1,1.0
490,2,2,0.0
335,2,2,1.0
335,4,4,1.0
335,3,3,1.0
197,0,0,1.0
197,4,4,1.0
197,2,2,0.0
953,4,4,1.0
953,3,3,1.0
953,1,1,1.0
562,4,4,1.0
562,3,3,1.0
562,0,0,1.0
288,3,3,1.0
288,2,2,1.0
288,1,1,0.0
720,3,3,1.0
720,2,2,1.0
720,4,4,1.0
202,4,4,1.0
202,2,2,0.0
202,0,0,1.0
22,2,2,1.0
22,4,4,0.0
22,1,1,0.0
237,3,3,0.0
237,4,4,1.0
237,1,1,0.0
666,4,4,1.0
666,0,0,1.0
666,1,1,1.0
732,3,3,1.0
732,4,4,1.0
732,2,2,1.0
882,3,3,1.0
882,2,2,1.0
882,0,0,1.0
384,4,4,1.0
384,1,1,1.0
384,3,3,0.0
529,1,1,1.0
529,3,3,1.0
529,4,4,1.0
652,2,2,1.0
652,0,0,1.0
652,3,3,0.0
661,2,2,1.0
661,0,0,1.0
661,3,3,0.0
469,3,3,1.0
469,1,1,1.0
469,0,0,1.0
451,3,3,1.0
451,2,2,0.0
451,0,0,1.0
848,4,4,1.0
848,2,2,1.0
848,1,1,1.0
674,0,0,1.0
674,1,1,1.0
674,2,2,1.0
960,3,3,1.0
960,2,2,1.0
960,1,1,1.0
153,4,4,1.0
153,0,0,1.0
153,1,1,0.0
840,2,2,1.0
840,0,0,1.0
840,4,4,1.0
354,2,2,0.0
354,1,1,1.0
354,0,0,1.0
885,0,0,1.0
885,3,3,1.0
885,2,2,1.0
699,3,3,1.0
699,2,2,1.0
699,0,0,1.0
26,1,1,0.0
26,0,0,0.0
26,3,3,1.0
165,4,4,1.0
165,1,1,0.0
165,2,2,0.0
333,4,4,1.0
333,2,2,1.0
333,3,3,1.0
955,2,2,1.0
955,1,1,1.0
955,4,4,1.0
582,3,3,1.0
582,4,4,1.0
582,0,0,1.0
345,1,1,1.0
345,3,3,0.0
345,0,0,1.0
148,0,0,1.0
148,3,3,1.0
148,4,4,1.0
492,3,3,1.0
492,1,1,1.0
492,2,2,0.0
937,2,2,1.0
937,1,1,1.0
937,3,3,1.0
158,3,3,1.0
158,2,2,0.0
158,1,1,0.0
412,2,2,0.0
412,1,1,1.0
412,3,3,1.0
899,3,3,1.0
899,2,2,1.0
899,1,1,1.0
498,1,1,1.0
498,3,3,1.0
498,2,2,0.0
125,1,1,0.0
125,3,3,1.0
125,2,2,0.0
424,1,1,1.0
424,4,4,0.0
424,0,0,1.0
39,3,3,0.0
39,1,1,1.0
39,2,2,0.0
844,1,1,1.0
844,0,0,1.0
844,2,2,1.0
517,2,2,0.0
517,3,3,1.0
517,1,1,1.0
334,0,0,1.0
334,4,4,1.0
334,3,3,1.0
105,3,3,0.0
105,2,2,0.0
105,0,0,1.0
75,3,3,1.0
75,2,2,1.0
75,4,4,1.0
807,4,4,1.0
807,2,2,1.0
807,3,3,1.0
486,0,0,1.0
486,4,4,1.0
486,2,2,0.0
977,0,0,1.0
977,2,2,1.0
977,3,3,1.0
375,4,4,1.0
375,1,1,1.0
375,0,0,1.0
512,3,3,1.0
512,1,1,1.0
512,0,0,1.0
930,3,3,1.0
930,1,1,1.0
930,4,4,1.0
